{
	"label": "Cartilhas",
  "mapping": {
    "description": "data.description",
    "experience_clues": "data.experience_clues"
  },
  
	"entries": {
		"Cutter": {
      "name": "Retalhador",
      "description" : "Um lutador perigoso e ameaçador",
      "experience_clues": "<br>- Você lidou com um desafio usando calculismo ou conspiração"
		},
		"Ghost": {
			"name": "Fantasma",
      "description" : "Um espírito desencarnado",
      "experience_clues": "<br><h2>SUBSTITUEM AS GUIAS ANTERIORES</h2>- Vingou-se de quem considerava culpado.<br>- Expressou sua raiva ou indignação, ou acertou contas do seu histórico ou raízes.<br>- Enfrentou problemas gerados pela sua necessidade ou angústia durante a sessão."      
		},
		"Hound": {
			"name": "Cão de Caça",
      "description" : "um atirador e perseguidor mortal",
      "experience_clues": "<br>- Você lidou com um desafio usando rastreamento ou violência."      
		},
		"Hull": {
			"name": "Casco",
      "description" : "Um espírito animando uma carcaça de faiscaria",
      "experience_clues": "<br><h2>SUBSTITUEM AS GUIAS ANTERIORES</h2>- Desempenhou suas funções apesar das dificuldades ou perigos.<br>- Suprimiu ou ignorou as suas antigas características humanas.<br>- Enfrentou problemas gerados pelo o seu desgaste durante a sessão." 
		},
		"Leech": {
			"name": "Doutor",
      "description" : "um sabotador engenhoso e técnico",
      "experience_clues": "<br>- Você lidou com um desafio usando perícia técnica ou confusão."      
		},
		"Lurk": {
			"name": "Furtivo",
      "description" : "um gatuno e infiltrador silencioso.",
      "experience_clues": "<br>- Você lidou com um desafio usando furtividade ou evasão."      
		},
		"Slide": {
			"name": "Suave",
      "description" : "um espião e manipulador sutil",
      "experience_clues": "<br>- Você lidou com um desafio usando enganação ou influência."      
		},
		"Spider": {
			"name": "Aranha",
      "description" : "Um gênio do crime",
      "experience_clues": "<br>- Você lidou com um desafio usando calculismo ou conspiração."
		},
		"Vampire": {
			"name": "Vampiro",
      "description" : "<br>- Espírito animando um corpo morto-vivo",
      "experience_clues": "<br><h2>SUBSTITUEM AS GUIAS ANTERIORES</h2>- Demonstrou a sua dominação ou matou sem misericórdia.<br>- Suprimiu ou ignorou as suas antigas características humanas.<br>- Enfrentou problemas gerados pelo o seu vício, traumas ou restrições durante a sessão"            
		},
		"Whisper": {
			"name": "Sussurro",
      "description" : "<br>- Um ocultista e canalizador de energias arcanas.",
      "experience_clues": "<br>- Você lidou com um desafio usando conhecimento ou poder arcano."            
		}
	}
}




