{
  "label": "Vícios",
  "mapping": {
    "description": "data.description"
  },

	"entries": [
		{
			"id": "Faith",
			"name": "Fé",
			"description":"Você é dedicado a um poder invisível, deus esquecido, ancestral, etc.<br><br>- Ilacille, as ruínas do Templo dos deuses esquecidos, Morro do Carvão.\n\n<br>- Lorde Penderyn, o Arquivo dos Ecos, Câmara Oficial.<br>- Mãe Narya, Casa da Dama Lacrimosa, Seis Torres.<br>- Nelisanne, A Igreja do Êxtase da Carne, Diamantina."
		},
		{
			"id": "Gambling",
			"name": "Jogatina",
			"description":"Você anseia por jogos de azar, apostas em eventos esportivos, etc.<br><br>- Dama Obscura, Clube da Casa Obscura, Coroa-Alva.<br>- Grist, boxe, as Docas.<br>- Helene, Cassino do Cervo Prateado, Praia da Seda.<br>- Mestre Vreen, corrida de cães, Empório Noturno.<br>- Sargento Velk, arenas de luta, Charco-Gris.<br>- Spogg, jogo de dados, Pé-de-Corvo."
		},
		{
			"id": "Luxury",
			"name": "Luxos",
			"description":"Você insiste em ostentar riquezas e fazer dispendiosas demonstrações de opulência.<br><br>- Canora, casa de banho, Pé-de-Corvo.<br>- Chef Roselle, restaurante Ameixa de Ouro, Seis Torres.<br>- Harvale Brogan, o Clube Centurália, Diamantina.<br>-  Maestro Helleren, Teatro Jardim- Torres, Coroa-Alva.<br>- Montecinza e Filhos, alfaiate e tecidos finos, Empório Noturno.<br>- Traven, loja de fumo, Morro do Carvão."
		},
		{
			"id": "Obligation",
			"name": "Obrigações",
			"description":"Você é devotado a uma família, uma causa, uma organização, uma caridade, etc.<br><br>- Círculo das Chamas, sociedade secreta.<br>- Familiares (raízes) ou antigos companheiros de trabalho (histórico).<br>- Hutton, Refugiados/Revolucionários Skovlandeses, Baixada do Borralho."    
		},
		{
			"id": "Pleasure",
			"name": "Prazer",
			"description":"<b>Você insiste em ostentar riquezas e fazer dispendiosas demonstrações de opulência.</b><br><br>- Canora, casa de banho, Pé-de-Corvo.<br>- Chef Roselle, restaurante Ameixa de Ouro, Seis Torres.<br>- Harvale Brogan, o Clube Centurália, Diamantina.<br>-  Maestro Helleren, Teatro Jardim- Torres, Coroa-Alva.<br>- Montecinza e Filhos, alfaiate e tecidos finos, Empório Noturno.<br>- Traven, loja de fumo, Morro do Carvão.<br><br><b>Você procura o esquecimento abusando de drogas, bebendo até cair, lutando até apagar em ringues ilegais, etc.</b><br><br>-  Avrick, traficante de pó, Morro do Rio.<br>- Dama Freyla, bar Barril Imperial, Coroa-Alva.<br>- Eldrin Prichard, barca dos prazeres Garça Prateada, canais de Diamantina.<br>- Helene, Cassino do Cervo Prateado, Praia da Seda.<br>- Joia, Luzia, e Sabiá, Beco das Gatinhas, Docas.<br>- Madame Tesslyn, bordel Lanterna Vermelha, Praia da Seda.<br>- Mardin Gaivota, pub do Barril Furado, Pé-de-Corvo.<br>- Pux Bolin, taverna do Macaco Harpista, Empório Noturno.<br>- Rolan Volaris, clube social O Véu, Empório Noturno.<br>- Traven, loja de fumo, Morro do Carvão."
		},
		{
			"id": "Stupor",
			"name": "Estupor",
			"description":"Você procura o esquecimento abusando de drogas, bebendo até cair, lutando até apagar em ringues ilegais, etc.<br><br>-  Avrick, traficante de pó, Morro do Rio.<br>- Dama Freyla, bar Barril Imperial, Coroa-Alva.<br>- Eldrin Prichard, barca dos prazeres Garça Prateada, canais de Diamantina.<br>- Helene, Cassino do Cervo Prateado, Praia da Seda.<br>- Joia, Luzia, e Sabiá, Beco das Gatinhas, Docas.<br>- Madame Tesslyn, bordel Lanterna Vermelha, Praia da Seda.<br>- Mardin Gaivota, pub do Barril Furado, Pé-de-Corvo.<br>- Pux Bolin, taverna do Macaco Harpista, Empório Noturno.<br>- Rolan Volaris, clube social O Véu, Empório Noturno.<br>- Traven, loja de fumo, Morro do Carvão."      
		},
		{
			"id": "Weird",
			"name": "Estranho",
			"description":"Você faz experiências com essências estranhas, socializa com espíritos desgarrados, executa rituais bizarros ou mantém tabus incomuns, etc.<br><br>- Arana, a Abençoada, cultista de um deus esquecido, barca atracada no Empório Noturno.<br>- O encapuzado dono de uma taverna quase inundada perto das docas. Passagens estranhas levam a cômodos ainda mais estranhos.<br>- Irmã Espinho, Legião da Morte, Estação Gaddoc.<br>- Ojak, vendedor tycherosi nos telhados da Praia da Seda.<br>- Padre Yoren, Casa da Dama Lacrimosa, Seis Torres.<br>- “Salia,” um espírito Reconciliado que se move de corpo em corpo."
		}
	]
}
