{
  "label": "Bandos","mapping": {
    "description": "data.description",
    "experience_clues": "data.experience_clues",
    "terrname1": "data.turfs.1.name",
    "terrdesc1": "data.turfs.1.description",
    "terrname2": "data.turfs.2.name",
    "terrdesc2": "data.turfs.2.description",
    "terrname3": "data.turfs.3.name",
    "terrdesc3": "data.turfs.3.description",
    "terrname4": "data.turfs.4.name",
    "terrdesc4": "data.turfs.4.description",
    "terrname5": "data.turfs.5.name",
    "terrdesc5": "data.turfs.5.description",
    "terrname6": "data.turfs.6.name",
    "terrdesc6": "data.turfs.6.description",
    "terrname7": "data.turfs.7.name",
    "terrdesc7": "data.turfs.7.description",
    "terrname8": "data.turfs.8.name",
    "terrdesc8": "data.turfs.8.description",
    "terrname9": "data.turfs.9.name",
    "terrdesc9": "data.turfs.9.description",
    "terrname10": "data.turfs.10.name",
    "terrdesc10": "data.turfs.10.description",
    "terrname11": "data.turfs.11.name",
    "terrdesc11": "data.turfs.11.description",
    "terrname12": "data.turfs.12.name",
    "terrdesc12": "data.turfs.12.description",
    "terrname13": "data.turfs.13.name",
    "terrdesc13": "data.turfs.13.description",
    "terrname14": "data.turfs.14.name",
    "terrdesc14": "data.turfs.14.description",
    "terrname15": "data.turfs.15.name",
    "terrdesc15": "data.turfs.15.description"
  },

	"entries": {
		"Assassins": {
			"name": "Assassinos",
			"description": "Matadores de aluguel",
			"experience_clues": "- Executar uma operação de acidente, assassinato, desaparecimento ou sequestro de forma bem-sucedida.<br>- Enfrentar desafios acima do seu nível.<br>- Disseminar a reputação do seu bando ou desenvolver uma nova.<br>- Expressar objetivos, motivações, conflitos internos ou natureza essencial do bando.",      
			"terrname1": "Salas de treinamento",
			"terrdesc1": "Parc. Sorrateiros recebem +1 escala",
			"terrname2": "Antro de vício",
			"terrdesc2": "(Rol. de categ) - Atç = moedas na folga",
			"terrname3": "Mediador",
			"terrdesc3": "+2 moedas p/ clientes de classe baixa",
			"terrname4": "Informantes",
			"terrdesc4": "+1d para levantar info. para um golpe",
			"terrname5": "Enguiarias",
			"terrdesc5": "Elim. de corpo, +1d p/ reduzir atenção após morte",
			"terrname6": "Troféus de vítimas",
			"terrdesc6": "+1 moral por golpe",
			"terrname10": "Negócio de fachada",
			"terrdesc10": "-2 atenção em cada golpe",
			"terrname11": "Esquema de proteção",
			"terrdesc11": "(Rol. de categ) - Atç = moedas na folga",
			"terrname12": "Enfermaria",
			"terrdesc12": "+1d em rolagens de recuperação",
			"terrname13": "Emissário",
			"terrdesc13": "+2 moedas p/ clientes de classe alta ",
			"terrname14": "IDs. falsas",
			"terrdesc14": "+1d rol. de abertura p/ planos sociais e de engan",
			"terrname15": "Arquivos municipais",
			"terrdesc15": "+1d na rol. de abert. p/ planos de furtividade"      
		},    
		"Bravos": {
			"name": "Bravos",
			"description": "Mercenários e lutadores",
			"experience_clues": "- Executar uma operação bem-sucedida de assalto relâmpago, batalha, extorsão ou sabotagem.<br>- Enfrentar desafios acima do seu nível.<br>- Disseminar a reputação do seu bando ou desenvolver uma nova.<br>- Expressar objetivos, motivações, conflitos internos ou natureza essencial do bando.",
			"terrname1": "Quartel",
			"terrdesc1": "+1 de escala para parceiros tipo Capanga",
			"terrname2": "Território",
			"terrdesc2": "",
			"terrname3": "Cidadãos aterrorizados",
			"terrdesc3": "+2 moedas por batalha ou extorsão",
			"terrname4": "Informantes",
			"terrdesc4": "+1d para levantar info. para um golpe",
			"terrname5": "Esquema de proteção",
			"terrdesc5": "(Rol. de categ) - Atç = moedas na folga",
			"terrname6": "Arenas de luta",
			"terrdesc6": "(Rol. de categ) - Atç = moedas na folga",
			"terrname11": "Enfermaria",
			"terrdesc11": "+1d em rolagens de recuperação",
			"terrname12": "Extorsão dos casacas azuis",
			"terrdesc12": "-2 atenção em cada golpe",
			"terrname13": "Receptador de rua",
			"terrdesc13": "+2 moedas p/ alvos de classe baixa",
			"terrname14": "Armazéns",
			"terrdesc14": "+1d em rolagens para adquirir recursos",
			"terrname15": "Comparsas casacas azuis",
			"terrdesc15": "+1d na rol. de abert. p/ planos de agressão"      
		},
		"Cult": {
			"name": "Culto",
			"description": "Acólitos de um deus esquecido",
			"experience_clues": "- Avançar os propósitos da sua divindade ou representar os seus preceitos em ação.<br>- Enfrentar desafios acima do seu nível.<br>- Disseminar a reputação do seu bando ou desenvolver uma nova.<br>- Expressar objetivos, motivações, conflitos internos ou natureza essencial do bando.",      
			"terrname1": "Mosteiro",
			"terrdesc1": "+1 de escala para parceiros tipo Adepto",
			"terrname2": "Antro de vício",
			"terrdesc2": "(Rol. de categ) - Atç = moedas na folga",
			"terrname3": "Ofertório",
			"terrdesc3": "+2 moedas por operações com ocultismo",
			"terrname4": "Obelisco ancestral",
			"terrdesc4": "-1 estresse p/ todos poderes e rituais arcanos",
			"terrname5": "Torre imemorial",
			"terrdesc5": "+1d p/ Socializar c/ ent. arcanas nesta área",
			"terrname11": "Fonte espiritual",
			"terrdesc11": "+1d p/ Sintonizar nesta área",
			"terrname12": "Portal arcaico",
			"terrdesc12": "Passagem segura para as Terras Mortais",
			"terrname13": "Santuário",
			"terrdesc13": "+1d p/ Comandar e Convencer nesta área",
			"terrname14": "Nexo sagrado",
			"terrdesc14": "+1d em rolagens de recuperação",
			"terrname15": "Altar antigo",
			"terrdesc15": "+1d na rol. de abert. p/ planos de ocultismo"      
		},    
		"Hawkers": {
			"name": "Mascates",
      "description": "Empresários dos vícios",
			"experience_clues": "- Adquirir novos suprimentos, executar vendas clandestinas ou assegurar novos pontos de venda.<br>- Enfrentar desafios acima do seu nível.<br>- Disseminar a reputação do seu bando ou desenvolver uma nova.<br>-  Expressar objetivos, motivações, conflitos internos ou natureza essencial do bando.",      
			"terrname2": "Alfaiate pessoal",
			"terrdesc2": "+1d na rol. de abert. p/ planos sociais",
			"terrname3": "Rede de corrupção local",
			"terrdesc3": "+2 moedas por celeb./ demonst. de força",
			"terrname4": "Olheiros",
			"terrdesc4": "+1d para Caçar ou Sondar em seu território",
			"terrname5": "Informantes",
			"terrdesc5": "+1d para levantar info. para um golpe",
			"terrname10": "Ambiente de luxo",
			"terrdesc10": "+1d p/ Convencer e Socializar nesta área",
			"terrname11": "Mercado externo",
			"terrdesc11": "(Rol. de categ) - Atç = moedas na folga",
			"terrname12": "Antro de vício",
			"terrdesc12": "(Rol. de categ) - Atç = moedas na folga",
			"terrname13": "Depósito de excedentes",
			"terrdesc13": "+2 moedas por venda/fornecimento de produtos",
			"terrname14": "Negócio de fachada",
			"terrdesc14": "-2 atenção em cada golpe",
			"terrname15": "IDs. falsas",
			"terrdesc15": "+1d rol. de abertura p/ planos sociais e de engan."    
		},    
		"Shadows": {
			"name": "Sombras",
			"description": "Ladrões e espiões",
			"experience_clues": "- Executar uma operação de assalto, espionagem, roubo ou sabotagem.<br>- Enfrentar desafios acima do seu nível.<br>- Disseminar a reputação do seu bando ou desenvolver uma nova.<br>- Expressar objetivos, motivações, conflitos internos ou natureza essencial do bando.",      
			"terrname1": "Sala de interrogação",
			"terrdesc1": "+1d p/ Comandar e Convencer nesta área",
			"terrname3": "Receptador leal",
			"terrdesc3": "+2 moedas por roubos ou assaltos",
			"terrname4": "Casa de jogo",
			"terrdesc4": "(Rol. de categ) - Atç = moedas na folga",
			"terrname5": "Taverna",
			"terrdesc5": "+1d p/ Convencer e Socializar nesta área",
			"terrname6": "Venda de drogas",
			"terrdesc6": "(Rol. de categ) - Atç = moedas na folga",
			"terrname7": "Informantes",
			"terrdesc7": "+1d para levantar info. para um golpe",      
			"terrname10": "Olheiros",
			"terrdesc10": "+1d para Caçar ou Sondar em seu território",
			"terrname11": "Enguiarias",
			"terrdesc11": "Elim. de corpo, +1d p/ reduzir atenção após morte",
			"terrname12": "Enfermaria",
			"terrdesc12": "+1d em rolagens de recuperação",
			"terrname13": "Ponto de troca",
			"terrdesc13": "+2 moedas por espionagem ou sabotagem",
			"terrname15": "Passagens secretas",
			"terrdesc15": "+1d na rol. de abert. para planos de furtividade"  
		},
		"Smugglers": {
			"name": "Contrabandistas",
			"description": "Transportadores de contrabando",
			"experience_clues": "- Executar uma operação de contrabando ou adquirir novos tipos de clientes ou fornecedores.<br>- Enfrentar desafios acima do seu nível.<br>- Disseminar a reputação do seu bando ou desenvolver uma nova.<br>- Expressar objetivos, motivações, conflitos internos ou natureza essencial do bando.",      
			"terrname2": "Negócio paralelo",
			"terrdesc2": "(Rol. de categ) - Atç = moedas na folga",
			"terrname3": "Receptador de luxo",
			"terrdesc3": "+2 moedas p/ alvos de classe alta",
			"terrname4": "Antro de vício",
			"terrdesc4": "(Rol. de categ) - Atç = moedas na folga",
			"terrname5": "Taverna",
			"terrdesc5": "+1d p/ Convencer e Socializar nessa área",
			"terrname6": "Portal arcaico",
			"terrdesc6": "Passagem segura para as Terras Mortais",
			"terrname11": "Rotas secretas",
			"terrdesc11": "+1d na rolagem de abertura para planos de transporte",
			"terrname12": "Informantes",
			"terrdesc12": "+1d para levantar info. para um golpe",
			"terrname13": "Frota",
			"terrdesc13": "Seus parceiros têm seus próprios veículos",
			"terrname14": "Negócio de fachada",
			"terrdesc14": "-2 atenção em cada golpe",
			"terrname15": "Armazéns",
			"terrdesc15": "+1d em rolagens para adquirir recursos"    
		}
	}
}

