{
	"label": "Reputação do Bando",
	"entries": {
		"Alluring": {
			"name": "Sedutor",
			"description": ""
		},
		"Ambitious": {
			"name": "Ambicioso",
			"description": ""
		},
		"Brutal": {
			"name": "Violento",
			"description": ""
		},
		"Cruel": {
			"name": "Cruel",
			"description": ""
		},
		"Daring": {
			"name": "Audacioso",
			"description": ""
		},
		"Ferocious": {
			"name": "Feroz",
			"description": ""
		},
		"Honorable": {
			"name": "Honrado",
			"description": ""
		},
		"Monstrous": {
			"name": "Monstruoso",
			"description": ""
		},
		"Professional": {
			"name": "Profissional",
			"description": ""
		},
		"Radiant": {
			"name": "Radiante",
			"description": ""
		},
		"Savvy": {
			"name": "Astuto",
			"description": ""
		},
		"Serene": {
			"name": "Sereno",
			"description": ""
		},
		"Sinister": {
			"name": "Sinistro",
			"description": ""
		},
		"Strange": {
			"name": "Estranho",
			"description": ""
		},
		"Subtle": {
			"name": "Sutil",
			"description": ""
		},
		"Transcendent": {
			"name": "Transcendente",
			"description": ""
		}
	}
}